packet_cnt,packet_cnt_up,packet_cnt_down,intarv_time_med,intarv_time_max,intarv_time_min,intarv_time_med_up,intarv_time_max_up,intarv_time_min_up,intarv_time_med_down,intarv_time_max_down,intarv_time_min_down,bytes_payload_l4_med,bytes_payload_l4_max,bytes_payload_l4_min,bytes_payload_range,bytes_payload_l4_med_up,bytes_payload_l4_max_up,bytes_payload_l4_min_up,bytes_payload_range_up,bytes_payload_l4_med_down,bytes_payload_l4_max_down,bytes_payload_l4_min_down,bytes_payload_range_down,duration_flow,duration_flow_up,duration_flow_down,changes_bulktrans_mode,duration_bulkmode,duration_bulkmode_up,duration_bulkmode_down,qouta_bulkmode,qouta_bulkmode_upstream,qouta_bulkmode_downstream,time_in_idle_mode,time_in_idle_mode_upstream,time_in_idle_mode_downstream,time_in_idle_mode_qouta,time_in_idle_mode_qouta_up,time_in_idle_mode_qouta_down,website
1428,567,861,8.392333984375e-05,2.515758991241455,0.0,0.0029129981994628906,2.515758991241455,0.0,0.00014901161193847656,2.567040205001831,0.0,460,1410,0,1410,0,1410,0,1410,1410,1410,0,1410,2178687323793.2393,865067025703.5303,1313620298089.7085,64,292932749499.56036,4577074181.760628,0,13.44537815502341,0.5291005258278392,0.0,2.515758991241455,2.515758991241455,2.567040205001831,1.1547131907213521e-10,2.908166554141249e-10,1.9541721521316849e-10,5
530,341,189,0.00011610984802246094,3.5188639163970947,0.0,0.000102996826171875,3.5188639163970947,0.0,0.0003819465637207031,3.570932149887085,0.0,70,1410,0,1410,752,1410,0,1410,0,137,0,137,808616443930.6381,520260768569.5366,288355675361.1014,39,178505894261.8319,4577074182.82126,0,5.975485191378492,0.8797653906147838,0.0,8.632692813873291,8.632692813873291,8.788376092910767,2.889794103681268e-10,1.6593011303944724e-09,3.047755547694797e-09,5
2,1,1,0,0,0,0,0,0,0,0,0,1,1,0,1,1,1,1,0,0,0,0,0,3051382789.019315,1525691394.505123,1525691394.514192,0,0,0,0,0.0,0.0,0.0,0,0,0,0.0,0.0,0.0,5
2,1,1,0,0,0,0,0,0,0,0,0,1,1,0,1,1,1,1,0,0,0,0,0,3051382789.094532,1525691394.53615,1525691394.558382,0,0,0,0,0.0,0.0,0.0,0,0,0,0.0,0.0,0.0,5
2,1,1,0,0,0,0,0,0,0,0,0,1,1,0,1,1,1,1,0,0,0,0,0,3051382790.190326,1525691395.080562,1525691395.109764,0,0,0,0,0.0,0.0,0.0,0,0,0,0.0,0.0,0.0,5
2421,874,1547,3.1948089599609375e-05,12.929039001464844,0.0,0.00010514259338378906,12.929039001464844,1.3113021850585938e-05,3.504753112792969e-05,12.945888042449951,0.0,1410,1410,0,1410,0,222,0,222,1410,1410,0,1410,3693698890168.238,1333454288619.6982,2360244601548.546,102,466861570279.34393,4577074193.71599,0,6.978335243838677,0.34324942615422294,0.0,12.929039001464844,12.929039001464844,12.945888042449951,1.9325464822238937e-10,9.695899673357464e-10,5.484977291741802e-10,5
12,5,7,0.0003540515899658203,1.4587209224700928,9.5367431640625e-07,0.5053441524505615,1.4587979316711426,0.0003540515899658203,0.00014209747314453125,1.4999771118164062,9.5367431640625e-07,46,127,0,127,0,112,0,112,48,127,0,127,18308296877.152176,7628457031.746858,10679839845.40532,1,4577074217.576736,4577074217.559165,0,0.0682283375885195,59.99999998048165,0.0,0,0,0,0.0,0.0,0.0,5
127,40,87,4.887580871582031e-05,0.01640796661376953,0.0,0.00047588348388671875,0.016510009765625,5.91278076171875e-05,4.9114227294921875e-05,0.016462087631225586,0.0,1410,1410,0,1410,0,517,0,517,1410,1410,0,1410,193762808829.66705,61027656324.081856,132735152505.5852,4,18308296897.246967,4577074224.131292,0,0.2652519900929897,7.499999999713496,0.0,0,0,0,0.0,0.0,0.0,5
2,1,1,0,0,0,0,0,0,0,0,0,1,1,0,1,1,1,1,0,0,0,0,0,3051382820.598431,1525691410.285757,1525691410.312674,0,0,0,0,0.0,0.0,0.0,0,0,0,0.0,0.0,0.0,5
2,1,1,0,0,0,0,0,0,0,0,0,1,1,0,1,1,1,1,0,0,0,0,0,3051382821.951087,1525691410.962053,1525691410.989034,0,0,0,0,0.0,0.0,0.0,0,0,0,0.0,0.0,0.0,5
35,13,22,5.3882598876953125e-05,0.018213987350463867,9.5367431640625e-07,0.0050661563873291016,0.019229888916015625,7.104873657226562e-05,7.295608520507812e-05,0.02831411361694336,9.5367431640625e-07,529,1410,0,1410,0,154,0,154,1410,1410,42,1368,53399199393.203606,19833988345.93892,33565211047.264698,1,4577074233.779959,4577074233.551717,0,0.06574621990002243,23.076923076285308,0.0,0,0,0,0.0,0.0,0.0,5
7,4,3,0.00010204315185546875,0.03951597213745117,9.5367431640625e-07,0.0395970344543457,0.0395970344543457,0.00010204315185546875,0.00016808509826660156,0.00016808509826660156,9.5367431640625e-07,46,893,0,893,46,84,0,84,893,893,42,851,10679839878.786312,6102765645.029891,4577074233.756422,0,0,4577074233.738122,0,0.0,74.99999999943802,0.0,0,0,0,0.0,0.0,0.0,5
18,9,9,0.0006611347198486328,10.2410249710083,1.7881393432617188e-05,10.238663911819458,10.241454124450684,0.00011610984802246094,10.23880910873413,10.241464853286743,1.7881393432617188e-05,6,31,0,31,0,31,0,31,6,6,6,0,27453576911.307644,13726788455.651028,13726788455.656618,0,0,4575596077.03997,0,0.0,33.33333278809505,0.0,54.35707473754883,54.36006307601929,54.3610360622406,1.9799632999793231e-07,3.96014430117049e-07,3.960215183460424e-07,5
6,3,3,0.00019979476928710938,0.1782689094543457,3.123283386230469e-05,0.17893719673156738,0.17893719673156738,0.00019979476928710938,0.1782689094543457,0.1782689094543457,0.0008611679077148438,6,31,0,31,0,0,0,0,31,31,6,25,9151192093.247746,4575596046.623592,4575596046.624153,0,0,0,1525198682.148054,0.0,0.0,33.33333333202209,0,0,0,0.0,0.0,0.0,5
8,4,4,0.0008020401000976562,0.011034011840820312,2.5033950805664062e-05,0.011544942855834961,0.011544942855834961,9.512901306152344e-05,0.011034011840820312,0.011034011840820312,7.486343383789062e-05,6,46,0,46,31,46,0,46,6,6,6,0,12201589459.768148,6100794729.88319,6100794729.884958,0,0,4575596047.402633,0,0.0,74.99999999984003,0.0,0,0,0,0.0,0.0,0.0,5
16,8,8,0.10681009292602539,10.243043899536133,4.482269287109375e-05,10.240301132202148,10.24358606338501,0.10720396041870117,10.240348100662231,10.243542909622192,0.10681009292602539,6,6,0,6,0,0,0,0,6,6,6,0,24403179454.853134,12201589727.425032,12201589727.428106,0,0,4575596080.108888,0,0.0,37.499999445355066,0.0,54.335697650909424,54.338467836380005,54.338412046432495,7.421942440190787e-08,4.4533924718223867e-07,4.45338789947055e-07,5
8,4,4,0.0007569789886474609,0.04130983352661133,2.5987625122070312e-05,0.04191398620605469,0.04191398620605469,0.0001289844512939453,0.04130983352661133,0.04130983352661133,0.00033402442932128906,6,46,0,46,31,46,0,46,6,6,6,0,12201589467.857704,6100794733.928011,6100794733.929693,0,0,4575596050.4126,0,0.0,74.9999999994524,0.0,0,0,0,0.0,0.0,0.0,5
8,4,4,0.0007259845733642578,0.03962993621826172,2.9087066650390625e-05,0.040023088455200195,0.040023088455200195,8.20159912109375e-05,0.03962993621826172,0.03962993621826172,5.507469177246094e-05,6,46,0,46,31,46,0,46,6,6,6,0,12201589467.855833,6100794733.927191,6100794733.928643,0,0,4575596050.413389,0,0.0,74.99999999947542,0.0,0,0,0,0.0,0.0,0.0,5
21,10,11,0.0005259513854980469,10.243504047393799,5.9604644775390625e-06,10.235314130783081,10.244029998779297,4.291534423828125e-05,10.235240936279297,10.243972063064575,1.4781951904296875e-05,6,31,0,31,0,31,0,31,6,31,6,25,32029173158.058918,15251987209.700817,16777185948.3581,0,0,4575596081.649255,0,0.0,29.999999467210476,0.0,54.820372104644775,54.82311511039734,54.823594093322754,4.228600192358279e-08,3.5944899741017255e-07,3.267746704487594e-07,5
2221,1069,1152,0.00023412704467773438,5.51199197769165,9.5367431640625e-07,0.005586862564086914,5.51199197769165,9.5367431640625e-07,0.004954814910888672,5.512906074523926,1.9073486328125e-06,42,42285,0,42285,0,7300,0,7300,1410,42285,6,42279,3387466377612.398,1630437441560.3948,1757028936052.002,83,379774483792.48865,4575596052.650375,0,10.797918485713884,0.2806361002278839,0.0,25.904765129089355,25.904765129089355,25.91361117362976,7.365359027340815e-10,1.5888230034939239e-09,1.4748539788910346e-09,5
19,9,10,0.0008440017700195312,58.55782508850098,6.9141387939453125e-06,0.030530929565429688,58.55782508850098,5.2928924560546875e-05,0.02826094627380371,58.55880308151245,7.486343383789062e-05,6,77,0,77,0,46,0,46,6,77,6,71,28978775981.195827,13726788615.33266,15251987365.863165,0,0,4575596117.998644,0,0.0,33.33333269871845,0.0,63.876830101013184,63.876830101013184,63.87870812416077,1.80133283011709e-09,4.653443124319953e-07,4.1882219406458076e-07,5
539,230,309,0.00010514259338378906,11.325919151306152,9.5367431640625e-07,0.022686004638671875,11.325919151306152,9.5367431640625e-07,0.00017905235290527344,11.327106952667236,9.5367431640625e-07,6,7300,0,7300,199,7300,0,7300,6,1651,6,1645,822082112179.8145,350795706043.2815,471286406136.53516,47,215053019828.74677,4575596061.416959,0,4.923184340145654,1.3043477963360297,0.0,53.4511353969574,53.451192140579224,53.588659048080444,1.2236507674194013e-09,1.5237128396886466e-08,1.1370720298806033e-08,5
68,30,38,0.0007739067077636719,26.169410228729248,5.9604644775390625e-06,0.03154110908508301,26.169410228729248,0.0006439685821533203,0.03012681007385254,26.170292854309082,0.0002620220184326172,42,2177,0,2177,0,194,0,194,42,2177,6,2171,103713512459.05133,45755961360.40459,57957551098.646736,0,0,4575596070.443955,0,0.0,9.999999856638347,0.0,42.09084510803223,42.09084510803223,42.095696687698364,9.412332172066354e-10,9.198986067956598e-08,7.263194508692978e-08,5
816,370,446,0.0006940364837646484,14.259886980056763,2.86102294921875e-06,0.0020949840545654297,14.259886980056763,4.792213439941406e-05,0.001695871353149414,14.260792970657349,2.86102294921875e-06,42,26657,0,26657,0,348,0,348,84,26657,6,26651,1244562150013.415,564323523983.307,680238626030.107,3,13726788373.3195,4575596070.586748,0,0.24012806577743778,0.810810798438751,0.0,52.5955171585083,52.5955171585083,52.602086544036865,9.200739066091141e-10,9.320100070835273e-09,7.73288733264446e-09,5
14,7,7,0.0027348995208740234,10.243654012680054,0.0004241466522216797,10.240068912506104,10.244080066680908,10.236370086669922,10.240031003952026,10.246388912200928,10.236508846282959,6,6,0,6,0,0,0,0,6,6,6,0,21352782105.017323,10676391052.505857,10676391052.511469,0,0,4575596103.9202175,0,0.0,42.857142281672786,0.0,61.43715786933899,61.4400360584259,61.442302942276,1.0707445983358336e-09,5.754756991971112e-07,5.754969318758942e-07,5
81,40,41,0.0007748603820800781,24.47983193397522,9.059906005859375e-06,0.004381895065307617,24.47983193397522,0.0003390312194824219,0.00393986701965332,24.4806170463562,1.0013580322265625e-05,42,21983,0,21983,0,193,0,193,42,21983,6,21977,123541098263.34427,61007949777.728004,62533148485.616325,0,0,4575596125.039358,0,0.0,7.499999822498146,0.0,48.802918910980225,48.802918910980225,48.8045380115509,8.326241055206482e-10,7.99943598970057e-08,7.804586718159053e-08,5
337,146,191,0.0006499290466308594,0.7065739631652832,9.059906005859375e-06,0.0021610260009765625,0.7065739631652832,9.918212890625e-05,0.0010988712310791016,0.7074699401855469,1.5020370483398438e-05,78,24652,0,24652,0,366,0,366,1362,24652,6,24646,513991965185.21277,222679011621.28076,291312953563.9319,2,9151192259.091782,4575596124.550462,0,0.14354066858109335,2.0547945184579692,0.0,0,0,0,0.0,0.0,0.0,5
7,3,4,0.0003769397735595703,0.041312217712402344,9.775161743164062e-06,0.042025089263916016,0.042025089263916016,0.00011086463928222656,0.041312217712402344,0.041312217712402344,9.775161743164062e-06,59,444,6,438,167,167,46,121,6,444,6,438,10676390961.05801,4575596126.155291,6100794834.9027195,0,0,0,1525198708.704785,0.0,0.0,24.999999999657508,0,0,0,0.0,0.0,0.0,5
4,2,2,0.03299713134765625,0.03299713134765625,1.9788742065429688e-05,0,0,0,0,0,0,46,46,0,46,46,46,0,46,46,46,6,40,6100794913.920352,3050397456.959715,3050397456.960637,0,0,0,0,0.0,0.0,0.0,0,0,0,0.0,0.0,0.0,5
25,13,12,0.0005810260772705078,10.022568941116333,1.4066696166992188e-05,0.004025936126708984,10.022568941116333,0.0001380443572998047,0.004759073257446289,10.023047924041748,1.6927719116210938e-05,6,1410,0,1410,0,607,0,607,307,1410,2,1408,38129968566.89406,19827583654.028336,18302384912.865734,0,0,4575596223.90908,0,0.0,23.076923057033547,0.0,10.022568941116333,10.022568941116333,10.023047924041748,1.5586622492661286e-10,5.054861508089043e-08,5.476361671858408e-08,5
16,8,8,0.0014040470123291016,58.09373903274536,1.811981201171875e-05,0.010061979293823242,58.09373903274536,8.511543273925781e-05,0.009057044982910156,58.09463381767273,0.0002808570861816406,6,77,0,77,31,46,0,46,6,77,6,71,24403183708.83967,12201591854.417759,12201591854.421906,0,0,4575596864.747915,0,0.0,37.499999338949,0.0,63.43242788314819,63.43242788314819,63.43421292304993,2.599350504424994e-07,5.198701008850873e-07,5.198847304506511e-07,3
162,79,83,0.00016808509826660156,11.75935697555542,1.1920928955078125e-06,0.16541314125061035,11.75935697555542,5.4836273193359375e-05,0.1635880470275879,11.76013994216919,1.1920928955078125e-06,6,8424,0,8424,209,3567,0,3567,6,8424,6,8418,247082234481.87772,120490719289.61049,126591515192.26704,5,22877984747.51886,4575596822.103937,0,8.426966317375904,3.7974682606932326,0.0,74.59802746772766,74.59802746772766,74.61413049697876,2.747772899365183e-08,6.191184508445374e-08,5.894086217678563e-08,3
22,11,11,0.006236076354980469,10.249904870986938,2.5033950805664062e-05,10.239364862442017,10.250391006469727,0.010313034057617188,10.23929500579834,10.250185012817383,0.009379863739013672,6,6,0,6,0,0,0,0,6,6,6,0,33554377787.20981,16777188893.599392,16777188893.610413,0,0,4575596855.032465,0,0.0,27.272726581615142,0.0,84.55964660644531,84.56978583335876,84.57002401351929,2.7720857318093702e-08,5.040760187520015e-07,5.040774384183501e-07,3
29,13,16,0.0015490055084228516,33.14002704620361,1.3113021850585938e-05,0.03932595252990723,33.14002704620361,0.0008289813995361328,0.02695608139038086,33.14181399345398,0.0008440017700195312,82,5595,0,5595,82,149,0,149,434,5595,6,5589,44230770028.22203,19827586568.341377,24403183459.880653,0,0,4575596824.462637,0,0.0,23.076922694002874,0.0,41.87005305290222,41.87005305290222,41.87290406227112,1.1987856157385182e-08,2.1117069850425443e-07,1.7158787553726772e-07,3
22,11,11,0.0008370876312255859,10.24353814125061,2.09808349609375e-05,10.240041971206665,10.244271993637085,0.01022195816040039,10.239868879318237,10.244094133377075,0.009363889694213867,6,6,0,6,0,0,0,0,6,6,6,0,33554377795.759644,16777188897.876759,16777188897.882881,0,0,4575596855.800083,0,0.0,27.272726579237293,0.0,85.30553030967712,85.31083297729492,85.31093621253967,2.228316928946462e-08,5.08493010936364e-07,5.084936262671817e-07,3
216,108,108,0.0008399486541748047,34.78346014022827,6.198883056640625e-06,0.00785207748413086,34.78346014022827,6.4849853515625e-05,0.007912874221801758,34.78422498703003,8.296966552734375e-05,99,31204,0,31204,0,145,0,145,2651,31204,6,31198,329442979193.6148,164721489596.81366,164721489596.80096,0,0,4575596825.994148,0,0.0,2.777777712667466,0.0,83.72977232933044,83.72977232933044,83.73697328567505,1.1755375979476297e-08,5.083111653147052e-08,5.08354881264389e-08,3
8,4,4,0.02124190330505371,58.03951096534729,1.9073486328125e-05,58.03951096534729,58.03951096534729,0.021953105926513672,58.08276915550232,58.08276915550232,0.0210418701171875,46,46,0,46,46,46,0,46,46,46,6,40,12201591772.915031,6100795886.477847,6100795886.437186,0,0,4575596885.806055,0,0.0,74.99999952379443,0.0,58.03951096534729,58.03951096534729,58.08276915550232,8.011311695275189e-09,9.513432680806348e-07,9.520523262321791e-07,3
22,11,11,0.0010099411010742188,10.24008297920227,2.1219253540039062e-05,10.240036964416504,10.24068307876587,0.012212038040161133,10.239840984344482,10.240638971328735,0.011180877685546875,6,6,0,6,0,0,0,0,6,6,6,0,33554377822.783447,16777188911.388535,16777188911.394917,0,0,4575596859.62867,0,0.0,27.27272658009296,0.0,85.0304434299469,85.03583812713623,85.03584003448486,1.1217383021962494e-08,5.068539108444622e-07,5.068539222129714e-07,3
8,4,4,0.010703086853027344,58.05032706260681,1.811981201171875e-05,58.05032706260681,58.05032706260681,0.011545896530151367,58.097803831100464,58.097803831100464,0.010663986206054688,46,46,0,46,46,46,0,46,46,46,6,40,12201591804.9055,6100795902.475153,6100795902.430348,0,0,4575596897.807972,0,0.0,74.99999952385896,0.0,58.05032706260681,58.05032706260681,58.097803831100464,7.536796462677352e-09,9.51520555523833e-07,9.522987616739692e-07,3
8,4,4,0.034284114837646484,58.120315074920654,1.8835067749023438e-05,58.120315074920654,58.120315074920654,0.03526806831359863,58.12121105194092,58.12121105194092,0.034284114837646484,46,46,0,46,46,46,0,46,46,46,6,40,12201591877.538517,6100795938.76836,6100795938.770158,0,0,4575596924.980799,0,0.0,74.9999995230873,0.0,58.120315074920654,58.120315074920654,58.12121105194092,7.428208562479783e-09,9.526677446394656e-07,9.526824308707727e-07,3
16,8,8,0.0008161067962646484,58.14259696006775,1.6927719116210938e-05,0.01896500587463379,58.14259696006775,0.00010395050048828125,0.018378019332885742,58.14316487312317,0.0002720355987548828,6,77,0,77,31,46,0,46,6,77,6,71,24403184053.545498,12201592026.771128,12201592026.774368,0,0,4575596930.968185,0,0.0,37.49999935196172,0.0,62.36620497703552,62.36620497703552,62.36762499809265,7.729780109107811e-09,5.111317018320216e-07,5.111433398300587e-07,3
8,4,4,0.027882099151611328,58.13065195083618,1.5974044799804688e-05,58.13065195083618,58.13065195083618,0.028783082962036133,58.13153004646301,58.13153004646301,0.027882099151611328,46,46,0,46,46,46,0,46,46,46,6,40,12201591925.542051,6100795962.7701645,6100795962.771887,0,0,4575596942.983512,0,0.0,74.99999952310958,0.0,58.13065195083618,58.13065195083618,58.13153004646301,7.097483668180596e-09,9.528371757648657e-07,9.528515688967746e-07,3
8,4,4,0.02706599235534668,58.09085988998413,1.5974044799804688e-05,58.09085988998413,58.09085988998413,0.027734041213989258,58.13270711898804,58.13270711898804,0.026852846145629883,46,46,0,46,46,46,0,46,46,46,6,40,12201591949.597424,6100795974.818222,6100795974.779201,0,0,4575596952.030147,0,0.0,74.9999995232832,0.0,58.09085988998413,58.09085988998413,58.13270711898804,6.988513310569206e-09,9.52184930126515e-07,9.5287086077472e-07,3
8,4,4,0.02170705795288086,58.13732695579529,1.6927719116210938e-05,58.13732695579529,58.13732695579529,0.022695064544677734,58.13806986808777,58.13806986808777,0.02170705795288086,46,46,0,46,46,46,0,46,46,46,6,40,12201591949.53717,6100795974.767761,6100795974.769408,0,0,4575596951.984154,0,0.0,74.99999952314965,0.0,58.13732695579529,58.13732695579529,58.13806986808777,6.892922923980334e-09,9.529465859249358e-07,9.529587632257317e-07,3
8,4,4,0.037687063217163086,58.079339027404785,1.6927719116210938e-05,58.079339027404785,58.079339027404785,0.03600597381591797,58.12216901779175,58.12216901779175,0.03525996208190918,46,46,0,46,46,46,0,46,46,46,6,40,12201591949.637451,6100795974.838977,6100795974.798475,0,0,4575596952.04239,0,0.0,74.99999952322872,0.0,58.079339027404785,58.079339027404785,58.12216901779175,6.7878509544723925e-09,9.519960881651631e-07,9.526981275539487e-07,3
12,6,6,0.0004830360412597656,1.5251121520996094,1.0013580322265625e-05,0.0006740093231201172,1.5251390933990479,0.00022602081298828125,0.0007328987121582031,1.5251331329345703,0.0004730224609375,6,95,0,95,0,46,0,46,6,95,6,89,18302387587.513824,9151193793.75581,9151193793.758017,0,0,4575596895.346858,0,0.0,49.999999983269426,0.0,0,0,0,0.0,0.0,0.0,3
8,4,4,0.12198400497436523,58.030142068862915,1.6927719116210938e-05,58.030142068862915,58.030142068862915,0.12292098999023438,58.03084397315979,58.03084397315979,0.12198400497436523,46,46,0,46,46,46,0,46,46,46,6,40,12201591989.982252,6100795994.99034,6100795994.991911,0,0,4575596967.104478,0,0.0,74.99999952238565,0.0,58.030142068862915,58.030142068862915,58.03084397315979,6.5486381693821024e-09,9.51189682731799e-07,9.512011878580565e-07,3
8,4,4,0.011778116226196289,58.09468603134155,1.6927719116210938e-05,58.09468603134155,58.09468603134155,0.012603998184204102,58.14221787452698,58.14221787452698,0.010711193084716797,46,46,0,46,46,46,0,46,46,46,6,40,12201591989.586248,6100795994.8156395,6100795994.770612,0,0,4575596967.040349,0,0.0,74.99999952348217,0.0,58.09468603134155,58.09468603134155,58.14221787452698,6.466877104601372e-09,9.522476424504197e-07,9.530267513348168e-07,3
8,4,4,0.011483907699584961,58.14069414138794,5.0067901611328125e-06,58.14069414138794,58.14069414138794,0.01232600212097168,58.14144706726074,58.14144706726074,0.011483907699584961,46,46,0,46,46,46,0,46,46,46,6,40,12201591989.541372,6100795994.769908,6100795994.771465,0,0,4575596966.994569,0,0.0,74.99999952329397,0.0,58.14069414138794,58.14069414138794,58.14144706726074,6.3852716007772225e-09,9.530017753622775e-07,9.530141167986835e-07,3
8,4,4,0.010934114456176758,58.09755802154541,3.814697265625e-06,58.09755802154541,58.09755802154541,0.011626958847045898,58.140214920043945,58.140214920043945,0.010895013809204102,46,46,0,46,46,46,0,46,46,46,6,40,12201591997.591457,6100795998.815929,6100795998.775525,0,0,4575596970.041013,0,0.0,74.99999952348949,0.0,58.09755802154541,58.09755802154541,58.140214920043945,6.296163497602554e-09,9.522947174896726e-07,9.529939196739755e-07,3
8,4,4,0.010750055313110352,58.09758901596069,1.811981201171875e-05,58.09758901596069,58.09758901596069,0.011474132537841797,58.14035987854004,58.14035987854004,0.01071310043334961,46,46,0,46,46,46,0,46,46,46,6,40,12201591997.59192,6100795998.816187,6100795998.775733,0,0,4575596970.041315,0,0.0,74.99999952349128,0.0,58.09758901596069,58.09758901596069,58.14035987854004,6.213998283203449e-09,9.522952255285063e-07,9.529962957326758e-07,3
8,4,4,0.010905981063842773,58.08663010597229,5.0067901611328125e-06,58.08663010597229,58.08663010597229,0.011833906173706055,58.13174510002136,58.13174510002136,0.010495901107788086,46,46,0,46,46,46,0,46,46,46,6,40,12201592005.638464,6100796002.840403,6100796002.79806,0,0,4575596973.064206,0,0.0,74.99999952356879,0.0,58.08663010597229,58.08663010597229,58.13174510002136,6.1327897321898115e-09,9.521155940786805e-07,9.528550876534783e-07,3
8,4,4,0.184722900390625,58.91565799713135,1.621246337890625e-05,58.91565799713135,58.91565799713135,0.18577003479003906,58.95874094963074,58.95874094963074,0.184722900390625,46,46,0,46,46,46,0,46,46,46,6,40,12201592010.339151,6100796005.1898,6100796005.149351,0,0,4575596974.238211,0,0.0,74.99999951392999,0.0,58.91565799713135,58.91565799713135,58.95874094963074,6.141204794028456e-09,9.657044416337346e-07,9.664106273979144e-07,3
8,4,4,0.010712862014770508,58.08684802055359,1.6927719116210938e-05,58.08684802055359,58.08684802055359,0.011595964431762695,58.131882190704346,58.131882190704346,0.010326862335205078,46,46,0,46,46,46,0,46,46,46,6,40,12201592005.638962,6100796002.8406925,6100796002.79827,0,0,4575596973.06455,0,0.0,74.99999952357086,0.0,58.08684802055359,58.08684802055359,58.131882190704346,5.978770345523253e-09,9.521191659827146e-07,9.528573347484627e-07,3
15,7,8,0.0005178451538085938,5.362790107727051,1.2159347534179688e-05,0.007058858871459961,5.362790107727051,0.0002810955047607422,0.006918191909790039,5.36362886428833,0.00030493736267089844,6,77,0,77,31,46,0,46,6,77,6,71,22877984633.535686,10676392828.263575,12201591805.272114,0,0,4575596920.249477,0,0.0,42.85714279954665,0.0,5.362790107727051,5.362790107727051,5.36362886428833,5.392829590590041e-10,5.023035583263812e-08,4.395843550487233e-08,3
8,4,4,0.02699899673461914,58.115473985672,1.5974044799804688e-05,58.115473985672,58.115473985672,0.027891874313354492,58.116365909576416,58.116365909576416,0.02699899673461914,46,46,0,46,46,46,0,46,46,46,6,40,12201592013.667276,6100796006.832754,6100796006.834523,0,0,4575596976.038914,0,0.0,74.99999952324825,0.0,58.115473985672,58.115473985672,58.116365909576416,5.773262996149597e-09,9.525883822469064e-07,9.526030020422014e-07,3
12,6,6,0.0031201839447021484,5.338599920272827,1.6927719116210938e-05,0.022279977798461914,5.338599920272827,0.003650188446044922,0.021908998489379883,5.339517831802368,0.004055976867675781,6,77,0,77,31,46,0,46,6,77,6,71,18302387726.703564,9151193863.350155,9151193863.353409,0,0,4575596926.280823,0,0.0,49.99999994105409,0.0,5.338599920272827,5.338599920272827,5.339517831802368,5.208727000272034e-10,5.8337742593931045e-08,5.834777310515558e-08,3
12,6,6,0.02716684341430664,5.961894989013672,1.7881393432617188e-05,0.028636932373046875,5.961894989013672,0.028132915496826172,0.02785015106201172,5.962858200073242,0.02716684341430664,46,409,0,409,46,409,0,409,46,72,6,66,18302387766.590145,9151193883.293814,9151193883.296333,0,0,4575596932.903905,0,0.0,49.99999990446054,0.0,8.672311067581177,8.672311067581177,8.67406415939331,8.31289392292289e-10,9.476699082305673e-08,9.478614779680357e-08,3
15,7,8,0.002034902572631836,8.60133695602417,1.7881393432617188e-05,0.044975996017456055,8.60133695602417,0.0005941390991210938,0.03256106376647949,8.644371032714844,0.0012218952178955078,46,392,0,392,46,392,0,392,6,234,6,228,22877984730.297413,10676392872.975588,12201591857.321825,0,0,4575596935.593227,0,0.0,42.85714276378044,0.0,8.60133695602417,8.60133695602417,8.644371032714844,8.067932924286756e-10,8.056407307561842e-08,7.08462562409642e-08,3
12,6,6,0.0009081363677978516,5.341428995132446,2.09808349609375e-05,0.013936042785644531,5.341428995132446,0.00013399124145507812,0.013524770736694336,5.342363119125366,0.0003330707550048828,6,77,0,77,31,46,0,46,6,77,6,71,18302387762.654823,9151193881.32601,9151193881.328815,0,0,4575596935.285393,0,0.0,49.99999994123595,0.0,5.341428995132446,5.341428995132446,5.342363119125366,4.925625082086444e-10,5.836865729653268e-08,5.837886497001655e-08,3
4,2,2,0.015852928161621094,0.015852928161621094,3.218650817871094e-05,0,0,0,0,0,0,46,46,0,46,46,46,0,46,46,46,6,40,6100795954.57489,3050397977.2868853,3050397977.288005,0,0,0,0,0.0,0.0,0.0,0,0,0,0.0,0.0,0.0,3
4,2,2,0.03171896934509277,0.03171896934509277,1.9073486328125e-05,0,0,0,0,0,0,46,46,0,46,46,46,0,46,46,46,6,40,6100795954.606803,3050397977.302893,3050397977.3039093,0,0,0,0,0.0,0.0,0.0,0,0,0,0.0,0.0,0.0,3
144,57,87,9.894371032714844e-05,1.0834081172943115,0.0,0.00021982192993164062,1.0834081172943115,0.0,0.00012302398681640625,1.1103858947753906,0.0,217,1460,0,1460,80,1460,0,1460,1460,1460,0,1460,219699753640.19385,86964485825.43819,132735267814.75562,12,54924938420.66542,4577078196.827858,0,25.000000004832483,5.2631578895496745,0.0,0,0,0,0.0,0.0,0.0,3
16,7,9,0.02262091636657715,2.3753790855407715,1.1920928955078125e-06,0.15763616561889648,2.3753790855407715,0.0005269050598144531,0.02262091636657715,2.4292008876800537,1.1920928955078125e-06,108,1203,0,1203,108,108,0,108,0,1203,0,1203,24411083738.65748,10679849135.394556,13731234603.26292,1,4577078205.295099,4577078197.477912,0,1.8750000018195163,42.85714282525599,0.0,2.3753790855407715,2.3753790855407715,2.4292008876800537,9.730739982896652e-10,2.2241691389332678e-08,1.769105952863706e-08,3
3,2,1,0.039962053298950195,0.039962053298950195,0.02591991424560547,0,0,0,0,0,0,108,108,0,108,108,108,0,108,77,77,77,0,4577078197.408487,3051385464.943672,1525692732.464815,0,0,0,0,0.0,0.0,0.0,0,0,0,0.0,0.0,0.0,3
6,3,3,0.0003521442413330078,0.1230628490447998,1.1920928955078125e-06,0.13350486755371094,0.13350486755371094,0.0003521442413330078,0.0103759765625,0.0103759765625,1.1920928955078125e-06,46,233,0,233,233,233,0,233,224,224,0,224,9154156409.283373,4577078204.518479,4577078204.764894,0,0,0,1525692734.918172,0.0,0.0,33.333333333257755,0,0,0,0.0,0.0,0.0,3
461.0,206.0,255.0,9.799003601074219e-05,1.3451440334320068,0.0,0.0003600120544433594,1.3451440334320068,0.0,0.00012993812561035156,1.3726341724395752,0.0,90.0,1460.0,0.0,1460.0,123.0,1460.0,0.0,1460.0,0.0,1460.0,0.0,1460.0,703348265324.8955,314294452657.958,389053812666.93744,41.0,187661250950.89575,4577103654.418569,0.0,26.681127999115766,1.456310671636245,0.0,0.0,0.0,0.0,0.0,0.0,0.0,3.0
17.0,8.0,9.0,0.0002689361572265625,12.326547145843506,0.0,0.009755849838256836,12.326547145843506,5.3882598876953125e-05,0.0016260147094726562,12.334887981414795,0.0,0.0,1460.0,0.0,1460.0,0.0,517.0,0.0,517.0,68.0,1460.0,0.0,1460.0,25936920769.882374,12205609781.291283,13731310988.591095,1.0,4577103658.737628,4577103658.696991,0.0,0.6276150600627707,37.499999923910075,0.0,12.326547145843506,12.326547145843506,12.334887981414795,1.6902231638421832e-09,1.0099083426980924e-07,8.983037374700388e-08,3.0
17.0,8.0,9.0,0.0005419254302978516,12.317840099334717,0.0,0.009245872497558594,12.317840099334717,0.00018095970153808594,0.001149892807006836,12.326960802078247,0.0,0.0,1460.0,0.0,1460.0,0.0,201.0,0.0,201.0,68.0,1460.0,0.0,1460.0,25936920769.965004,12205609781.32698,13731310988.638027,1.0,4577103658.753488,4577103658.717206,0.0,0.6060606035163679,37.499999923966016,0.0,12.317840099334717,12.317840099334717,12.326960802078247,1.6310221837217482e-09,1.0091949783762082e-07,8.97726430657509e-08,3.0
17.0,8.0,9.0,0.0002989768981933594,12.316242218017578,0.0,0.009308815002441406,12.316242218017578,4.887580871582031e-05,0.0009539127349853516,12.324367046356201,0.0,0.0,1460.0,0.0,1460.0,0.0,201.0,0.0,201.0,68.0,1460.0,0.0,1460.0,25936920769.993904,12205609781.339705,13731310988.654188,1.0,4577103658.756558,4577103658.718103,0.0,0.5859374975945073,37.499999923934276,0.0,12.316242218017578,12.316242218017578,12.324367046356201,1.5766625977952028e-09,1.0090640646931882e-07,8.975375371324335e-08,3.0
16.0,8.0,8.0,0.00027489662170410156,12.311491966247559,9.5367431640625e-07,0.01067805290222168,12.311491966247559,4.100799560546875e-05,0.0019199848175048828,0.019702911376953125,9.5367431640625e-07,42.0,1460.0,0.0,1460.0,0.0,517.0,0.0,517.0,242.0,1460.0,0.0,1460.0,24411219538.10687,12205609781.354984,12205609756.751883,1.0,4577103658.762741,1525701219.567492,0.0,0.5681818159032229,12.499999974586432,0.0,12.311491966247559,12.311491966247559,0.0,1.5282952677876155e-09,1.0086748787475016e-07,0.0,3.0
7.0,3.0,4.0,0.0006091594696044922,0.12308692932128906,0.0,0.13364505767822266,0.13364505767822266,0.0004971027374267578,0.009840011596679688,0.009840011596679688,0.0,46.0,231.0,0.0,231.0,231.0,231.0,0.0,231.0,46.0,226.0,0.0,226.0,10679908555.990877,4577103666.7135725,6102804889.277306,1.0,4577103666.9502945,0.0,1525701222.316562,0.5607476623221437,0.0,24.999999999954703,0.0,0.0,0.0,0.0,0.0,0.0,3.0
7.0,3.0,4.0,0.0006439685821533203,0.12274289131164551,2.1457672119140625e-06,0.13161492347717285,0.13161492347717285,0.0004589557647705078,0.008137941360473633,0.008137941360473633,2.1457672119140625e-06,46.0,165.0,0.0,165.0,86.0,86.0,0.0,86.0,46.0,165.0,0.0,165.0,10679908556.492882,4577103666.928865,6102804889.564016,1.0,4577103667.166586,0.0,1525701222.388646,0.553505533883611,0.0,24.999999999961357,0.0,0.0,0.0,0.0,0.0,0.0,3.0
16.0,8.0,8.0,0.04990196228027344,7.69033408164978,9.5367431640625e-07,0.21336698532104492,7.69033408164978,0.0003581047058105469,0.1551051139831543,7.767168045043945,9.5367431640625e-07,46.0,1210.0,0.0,1210.0,46.0,109.0,0.0,109.0,46.0,1210.0,0.0,1210.0,24411219606.42333,12205609803.223152,12205609803.20017,0.0,0.0,4577103668.651029,0.0,0.0,37.49999993808049,0.0,7.69033408164978,7.69033408164978,7.767168045043945,9.03319764606602e-10,6.300655358996469e-08,6.363605071995242e-08,3.0
129.0,2.0,127.0,5.1975250244140625e-05,0.18206191062927246,0.0,0.0,0.0,0.0,5.1021575927734375e-05,0.18206191062927246,0.0,1460.0,1460.0,0.0,1460.0,0.0,0.0,0.0,0.0,1460.0,1460.0,0.0,1460.0,196815458964.1865,3051402463.8378563,193764056500.34866,1.0,4577103695.8065815,0.0,0.0,0.43668122415882626,0.0,0.0,0.0,0.0,0.0,0.0,0.0,0.0,3.0
65.0,64.0,1.0,0.000247955322265625,0.13130402565002441,3.600120544433594e-05,0.0002682209014892578,0.13130402565002441,3.600120544433594e-05,0.0,0.0,0.0,0.0,517.0,0.0,517.0,0.0,517.0,0.0,517.0,0.0,0.0,0.0,0.0,99170580096.04245,97644878864.11356,1525701231.928882,1.0,4577103695.797783,0.0,0.0,0.39893617141630283,0.0,0.0,0.0,0.0,0.0,0.0,0.0,0.0,3.0
2.0,1.0,1.0,0.0,0.0,0.0,0.0,0.0,0.0,0.0,0.0,0.0,1.0,1.0,0.0,1.0,1.0,1.0,1.0,0.0,0.0,0.0,0.0,0.0,3051402468.858364,1525701234.3739,1525701234.484464,0.0,0.0,0.0,0.0,0.0,0.0,0.0,0.0,0.0,0.0,0.0,0.0,0.0,3.0
169,66,103,7.796287536621094e-05,1.9483919143676758,0.0,0.0003819465637207031,1.9483919143676758,9.5367431640625e-07,0.00012087821960449219,1.9754459857940674,0.0,868,1460,0,1460,0,1460,0,1460,1460,1460,0,1460,257842101469.91144,100695731950.9454,157146369518.966,11,50347865973.80571,0,0,19.52662722138145,0.0,0.0,0,0,0,0.0,0.0,0.0,3
4,3,1,4.968153953552246,4.968153953552246,0.039762020111083984,4.968153953552246,4.968153953552246,0.17615318298339844,0,0,0,232,232,0,232,232,232,0,232,224,224,224,0,6102771630.380668,4577078724.013322,1525692906.367345,0,0,3051385812.638061,0,0.0,66.66666659302099,0.0,4.968153953552246,4.968153953552246,0,1.8822695418162103e-09,1.0854421025111882e-07,0.0,3
4,3,1,4.991988897323608,4.991988897323608,0.039721012115478516,4.991988897323608,4.991988897323608,0.1721019744873047,0,0,0,88,163,0,163,88,88,0,88,163,163,163,0,6102771630.616814,4577078724.197372,1525692906.419441,0,0,3051385812.746222,0,0.0,66.66666659270334,0.0,4.991988897323608,4.991988897323608,0,1.8485585765052365e-09,1.0906495601512718e-07,0.0,3
1259,501,758,2.9087066650390625e-05,0.11140108108520508,0.0,0.0001220703125,0.11140108108520508,1.1920928955078125e-05,9.298324584960938e-05,0.12124395370483398,0.0,1460,1460,0,1460,0,261,0,261,1460,1460,0,1460,1920847369741.7605,764372146340.0524,1156475223401.7063,40,183083148824.88245,4577078720.058657,0,8.356545960233925,0.5988023951388745,0.0,0,0,0,0.0,0.0,0.0,3
16,9,7,0.0024330615997314453,0.04123210906982422,0.0,0.006953001022338867,0.045983076095581055,0.00014495849609375,0.00012683868408203125,0.0074100494384765625,0.0,76,1234,0,1234,46,77,0,77,872,1234,0,1234,24411086509.96758,13731236161.819664,10679850348.147917,2,9154157441.167488,4577078720.541464,0,0.4132231404548111,33.3333333328593,0.0,0,0,0,0.0,0.0,0.0,3
4,2,2,0.11996793746948242,0.11996793746948242,0.026752233505249023,0,0,0,0,0,0,108,1268,0,1268,108,108,0,108,1268,1268,0,1268,6102771630.827925,3051385815.420989,3051385815.406936,0,0,0,0,0.0,0.0,0.0,0,0,0,0.0,0.0,0.0,3
6,2,4,0.00011086463928222656,0.009012222290039062,0.0,0,0,0,0.009248018264770508,0.009248018264770508,0.0,0,64,0,64,0,0,0,0,31,64,0,64,9154157455.011343,3051385818.334263,6102771636.677078,0,0,0,3051385818.3339148,0.0,0.0,49.99999999992423,0,0,0,0.0,0.0,0.0,3
7.0,3.0,4.0,0.010473012924194336,14.898550987243652,9.5367431640625e-07,14.909556150436401,14.909556150436401,0.00017189979553222656,14.898550987243652,14.898550987243652,9.5367431640625e-07,0.0,63.0,0.0,63.0,1.0,1.0,0.0,1.0,0.0,63.0,0.0,63.0,10679919067.208708,4577108169.521828,6102810897.686881,0.0,0.0,0.0,1525702713.245132,0.0,0.0,24.99999981686163,14.898550987243652,14.909556150436401,14.898550987243652,1.395005982113451e-07,3.257418351988393e-07,2.441260467842872e-07,3.0
58.0,26.0,32.0,0.00028204917907714844,23.36739706993103,0.0,0.0021820068359375,23.36739706993103,0.0,0.00021409988403320312,23.394619941711426,0.0,89.0,1460.0,0.0,1460.0,110.0,1460.0,0.0,1460.0,0.0,1460.0,0.0,1460.0,88490757714.93738,39668270708.80358,48822487006.13381,5.0,22885540737.663948,4577108145.125648,0.0,23.076923018220338,11.538461504221432,0.0,23.36739706993103,23.36739706993103,23.394619941711426,2.356280891504204e-08,5.890702229362648e-08,4.7917714512929755e-08,3.0
4.0,2.0,2.0,0.11988687515258789,0.11988687515258789,0.030233144760131836,0.0,0.0,0.0,0.0,0.0,0.0,108.0,1247.0,0.0,1247.0,108.0,108.0,0.0,108.0,1247.0,1247.0,0.0,1247.0,6102810860.255142,3051405430.1328497,3051405430.122293,0.0,0.0,0.0,0.0,0.0,0.0,0.0,0.0,0.0,0.0,0.0,0.0,0.0,3.0
7.0,3.0,4.0,0.0002830028533935547,0.010963916778564453,0.0,0.010963916778564453,0.010963916778564453,0.0002830028533935547,0.020270109176635742,0.020270109176635742,0.0,0.0,46.0,0.0,46.0,0.0,0.0,0.0,0.0,31.0,46.0,0.0,46.0,10679919005.07964,4577108145.038309,6102810860.041328,0.0,0.0,0.0,1525702715.005264,0.0,0.0,24.999999999916955,0.0,0.0,0.0,0.0,0.0,0.0,3.0
26.0,13.0,13.0,0.0004131793975830078,0.8950510025024414,0.0,0.009447097778320312,0.8951890468597412,0.0,0.008030891418457031,0.928718090057373,9.5367431640625e-07,46.0,1430.0,0.0,1430.0,46.0,1380.0,0.0,1380.0,46.0,1430.0,0.0,1430.0,39668270599.92688,19834135298.498558,19834135301.428314,1.0,4577108145.141463,4577108145.091029,0.0,2.941176464680282,23.076923073311473,0.0,0.0,0.0,0.0,0.0,0.0,0.0,3.0
2.0,1.0,1.0,0.0,0.0,0.0,0.0,0.0,0.0,0.0,0.0,0.0,1.0,1.0,0.0,1.0,1.0,1.0,1.0,0.0,0.0,0.0,0.0,0.0,3051405450.2278137,1525702725.100221,1525702725.127593,0.0,0.0,0.0,0.0,0.0,0.0,0.0,0.0,0.0,0.0,0.0,0.0,0.0,3.0
2.0,1.0,1.0,0.0,0.0,0.0,0.0,0.0,0.0,0.0,0.0,0.0,1.0,1.0,0.0,1.0,1.0,1.0,1.0,0.0,0.0,0.0,0.0,0.0,3051405451.9204082,1525702725.946666,1525702725.973742,0.0,0.0,0.0,0.0,0.0,0.0,0.0,0.0,0.0,0.0,0.0,0.0,0.0,3.0
2.0,1.0,1.0,0.0,0.0,0.0,0.0,0.0,0.0,0.0,0.0,0.0,1.0,1.0,0.0,1.0,1.0,1.0,1.0,0.0,0.0,0.0,0.0,0.0,3051405452.58642,1525702726.269731,1525702726.316689,0.0,0.0,0.0,0.0,0.0,0.0,0.0,0.0,0.0,0.0,0.0,0.0,0.0,3.0
2.0,1.0,1.0,0.0,0.0,0.0,0.0,0.0,0.0,0.0,0.0,0.0,1.0,1.0,0.0,1.0,1.0,1.0,1.0,0.0,0.0,0.0,0.0,0.0,3051405453.985651,1525702726.979357,1525702727.006294,0.0,0.0,0.0,0.0,0.0,0.0,0.0,0.0,0.0,0.0,0.0,0.0,0.0,3.0
2.0,1.0,1.0,0.0,0.0,0.0,0.0,0.0,0.0,0.0,0.0,0.0,1.0,1.0,0.0,1.0,1.0,1.0,1.0,0.0,0.0,0.0,0.0,0.0,3051405454.209742,1525702727.094183,1525702727.115559,0.0,0.0,0.0,0.0,0.0,0.0,0.0,0.0,0.0,0.0,0.0,0.0,0.0,3.0
2.0,1.0,1.0,0.0,0.0,0.0,0.0,0.0,0.0,0.0,0.0,0.0,1.0,1.0,0.0,1.0,1.0,1.0,1.0,0.0,0.0,0.0,0.0,0.0,3051405455.0321093,1525702727.492712,1525702727.539397,0.0,0.0,0.0,0.0,0.0,0.0,0.0,0.0,0.0,0.0,0.0,0.0,0.0,3.0
2.0,1.0,1.0,0.0,0.0,0.0,0.0,0.0,0.0,0.0,0.0,0.0,1.0,1.0,0.0,1.0,1.0,1.0,1.0,0.0,0.0,0.0,0.0,0.0,3051405455.4944143,1525702727.742675,1525702727.751739,0.0,0.0,0.0,0.0,0.0,0.0,0.0,0.0,0.0,0.0,0.0,0.0,0.0,3.0
2.0,1.0,1.0,0.0,0.0,0.0,0.0,0.0,0.0,0.0,0.0,0.0,1.0,1.0,0.0,1.0,1.0,1.0,1.0,0.0,0.0,0.0,0.0,0.0,3051405457.974988,1525702728.973933,1525702729.001055,0.0,0.0,0.0,0.0,0.0,0.0,0.0,0.0,0.0,0.0,0.0,0.0,0.0,3.0
2.0,1.0,1.0,0.0,0.0,0.0,0.0,0.0,0.0,0.0,0.0,0.0,1.0,1.0,0.0,1.0,1.0,1.0,1.0,0.0,0.0,0.0,0.0,0.0,3051405458.433302,1525702729.21209,1525702729.221212,0.0,0.0,0.0,0.0,0.0,0.0,0.0,0.0,0.0,0.0,0.0,0.0,0.0,3.0
1397.0,525.0,872.0,7.605552673339844e-05,1.2843921184539795,0.0,0.0014569759368896484,1.2843921184539795,0.0,0.00011897087097167969,1.3254711627960205,0.0,556.0,1410.0,0.0,1410.0,0.0,1410.0,0.0,1410.0,1410.0,1410.0,0.0,1410.0,2131408115812.576,800994460081.05,1330413655731.5237,58.0,265472449833.3494,4577111174.960385,0.0,12.455261283085663,0.5714285682446845,0.0,0.0,0.0,0.0,0.0,0.0,0.0,5.0
911.0,284.0,627.0,3.504753112792969e-05,7.188091039657593,0.0,0.00019598007202148438,7.188091039657593,4.8160552978515625e-05,8.606910705566406e-05,7.205820083618164,0.0,1410.0,1410.0,0.0,1410.0,0.0,153.0,0.0,153.0,1410.0,1410.0,0.0,1410.0,1389916097139.0146,433299859049.86444,956616238089.1511,24.0,109850668537.81569,4577111179.479891,0.0,3.119584051186758,1.0563380263996702,0.0,11.769227027893066,11.769227027893066,11.804056167602539,3.3422730530194546e-10,2.71618528879758e-09,1.2339385113492575e-09,5.0
2.0,1.0,1.0,0.0,0.0,0.0,0.0,0.0,0.0,0.0,0.0,0.0,1.0,1.0,0.0,1.0,1.0,1.0,1.0,0.0,0.0,0.0,0.0,0.0,3051407451.968021,1525703725.970548,1525703725.997473,0.0,0.0,0.0,0.0,0.0,0.0,0.0,0.0,0.0,0.0,0.0,0.0,0.0,5.0
450.0,297.0,153.0,0.0001010894775390625,10.102365016937256,0.0,8.988380432128906e-05,10.118098974227905,0.0,0.0005130767822265625,10.14185905456543,0.0,70.0,1410.0,0.0,1410.0,752.0,1410.0,0.0,1410.0,0.0,269.0,0.0,269.0,686566680591.5865,453134009192.09216,233432671399.4939,27.0,123582002524.76027,4577111179.165286,0.0,2.9347826137526205,1.0101010046290657,0.0,14.18043303489685,14.1961669921875,16.298820972442627,3.367520146629807e-10,3.1328849091460433e-09,6.9822364087797365e-09,5.0
1132.0,356.0,776.0,4.1961669921875e-05,0.36484503746032715,0.0,0.00027298927307128906,0.38051891326904297,5.1975250244140625e-05,0.000102996826171875,0.4063720703125,0.0,1410.0,1410.0,0.0,1410.0,0.0,242.0,0.0,242.0,1410.0,1410.0,0.0,1410.0,1727096619436.3267,543150526957.9482,1183946092478.376,27.0,123582001919.60468,4577111180.276343,0.0,2.081192184416081,0.8426966288538118,0.0,0.0,0.0,0.0,0.0,0.0,0.0,5.0
23.0,10.0,13.0,0.00044083595275878906,0.023945093154907227,0.0,0.012636184692382812,0.024396896362304688,0.0001201629638671875,0.00044083595275878906,0.03502178192138672,0.0,75.0,1460.0,0.0,1460.0,0.0,293.0,0.0,293.0,325.0,1460.0,0.0,1460.0,35091185904.20999,15257037349.560312,19834148554.649677,2.0,9154222409.833893,4577111204.720236,0.0,0.15325670539344263,29.999999999030884,0.0,0.0,0.0,0.0,0.0,0.0,0.0,5.0
23.0,10.0,13.0,0.0004241466522216797,0.023545026779174805,0.0,0.008738040924072266,0.02363109588623047,0.0002238750457763672,0.001316070556640625,0.030525922775268555,0.0,75.0,1460.0,0.0,1460.0,0.0,293.0,0.0,293.0,325.0,1460.0,0.0,1460.0,35091185906.866714,15257037350.722712,19834148556.144005,2.0,9154222410.524708,4577111205.090004,0.0,0.15236160529479992,29.999999999168846,0.0,0.0,0.0,0.0,0.0,0.0,0.0,5.0
7.0,3.0,4.0,8.797645568847656e-05,0.12647294998168945,9.5367431640625e-07,0.1265580654144287,0.1265580654144287,0.00013303756713867188,0.1266939640045166,0.1266939640045166,9.5367431640625e-07,31.0,46.0,0.0,46.0,0.0,0.0,0.0,0.0,46.0,46.0,0.0,46.0,10679926180.567053,4577111220.20705,6102814960.360004,0.0,0.0,0.0,1525703740.026653,0.0,0.0,24.999999998961986,0.0,0.0,0.0,0.0,0.0,0.0,5.0
7.0,3.0,4.0,9.584426879882812e-05,0.124359130859375,9.5367431640625e-07,0.12445592880249023,0.12445592880249023,9.989738464355469e-05,0.12455201148986816,0.12455201148986816,9.5367431640625e-07,31.0,46.0,0.0,46.0,0.0,0.0,0.0,0.0,46.0,46.0,0.0,46.0,10679926180.778667,4577111220.298347,6102814960.48032,0.0,0.0,0.0,1525703740.057803,0.0,0.0,24.999999998979536,0.0,0.0,0.0,0.0,0.0,0.0,5.0
2.0,1.0,1.0,0.0,0.0,0.0,0.0,0.0,0.0,0.0,0.0,0.0,1.0,1.0,0.0,1.0,1.0,1.0,1.0,0.0,0.0,0.0,0.0,0.0,3051407483.557253,1525703741.763751,1525703741.793502,0.0,0.0,0.0,0.0,0.0,0.0,0.0,0.0,0.0,0.0,0.0,0.0,0.0,5.0
7.0,3.0,4.0,8.20159912109375e-05,0.026870012283325195,9.5367431640625e-07,0.026927947998046875,0.026927947998046875,0.0001380443572998047,0.027090072631835938,0.027090072631835938,9.5367431640625e-07,31.0,46.0,0.0,46.0,0.0,0.0,0.0,0.0,46.0,46.0,0.0,46.0,10679926234.84666,4577111243.4981785,6102814991.348484,0.0,0.0,0.0,1525703747.823575,0.0,0.0,24.999999999778037,0.0,0.0,0.0,0.0,0.0,0.0,5.0
7.0,3.0,4.0,0.0001049041748046875,0.02676701545715332,9.5367431640625e-07,0.026858091354370117,0.026858091354370117,0.0001480579376220703,0.02701091766357422,0.02701091766357422,9.5367431640625e-07,31.0,46.0,0.0,46.0,0.0,0.0,0.0,0.0,46.0,46.0,0.0,46.0,10679926236.009853,4577111243.996668,6102814992.013185,0.0,0.0,0.0,1525703747.989741,0.0,0.0,24.999999999777888,0.0,0.0,0.0,0.0,0.0,0.0,5.0
.0,3.0,3.0,0.039527177810668945,45.00132989883423,0.02937602996826172,45.03070592880249,45.03070592880249,45.030235052108765,45.0408570766449,45.0408570766449,45.02967810630798,1.0,1.0,0.0,1.0,1.0,1.0,1.0,0.0,0.0,0.0,0.0,0.0,9154699359.988924,4577349679.945044,4577349680.0438795,0.0,0.0,0.0,1525783181.647889,0.0,0.0,33.333332349501916,90.00163197517395,90.06094098091125,90.07053518295288,9.831194716074526e-07,1.967534649482854e-06,1.9677442511250186e-06,4.0
6.0,3.0,3.0,0.011055946350097656,45.00035905838013,0.010704994201660156,45.01106405258179,45.01106405258179,45.01053285598755,45.011415004730225,45.011415004730225,45.01046705245972,1.0,1.0,0.0,1.0,1.0,1.0,1.0,0.0,0.0,0.0,0.0,0.0,9154699367.81803,4577349683.892639,4577349683.92539,0.0,0.0,0.0,1525783182.964031,0.0,0.0,33.333332349989206,89.99983596801758,90.02159690856934,90.02188205718994,4.915499263847071e-07,1.9666751095147656e-06,1.9666813390579768e-06,4.0
6.0,3.0,3.0,0.010632991790771484,45.002934217453,0.010550975799560547,45.01353120803833,45.01353120803833,45.010676860809326,45.01348519325256,45.01348519325256,45.01064085960388,1.0,1.0,0.0,1.0,1.0,1.0,1.0,0.0,0.0,0.0,0.0,0.0,9154699367.841726,4577349683.904973,4577349683.936754,0.0,0.0,0.0,1525783182.967329,0.0,0.0,33.333332349978505,90.00297808647156,90.02420806884766,90.02412605285645,3.2771139169769906e-07,1.966732154753082e-06,1.9667303629604087e-06,4.0
17.0,7.0,10.0,8.20159912109375e-05,45.00040602684021,0.0,0.013972997665405273,45.04955196380615,6.29425048828125e-05,8.20159912109375e-05,45.01195001602173,0.0,1.0,1430.0,0.0,1430.0,46.0,678.0,0.0,678.0,46.0,1430.0,0.0,1430.0,25938314888.158504,10680482601.547102,15257832286.6114,1.0,4577349684.9642725,4577349643.210095,0.0,8.571428572623168,42.857142452973534,0.0,86.7015860080719,86.76208806037903,86.72700309753418,1.6235518427671386e-07,8.123423940394909e-07,5.684097286456365e-07,4.0
10.0,4.0,6.0,0.01588296890258789,45.00079393386841,0.0,45.01699495315552,45.01699495315552,0.00011706352233886719,0.01719212532043457,45.016676902770996,0.0,0.0,46.0,0.0,46.0,1.0,1.0,0.0,1.0,0.0,46.0,0.0,46.0,15257832422.210083,6103132947.886796,9154699474.323288,1.0,4577349759.661386,4577349684.692836,0.0,6.666666762685695,74.99999957034753,0.0,74.92067098617554,74.95284390449524,74.93655395507812,1.0911797728530929e-07,1.2281043939973092e-06,8.185583171272525e-07,4.0
6.0,3.0,3.0,0.02101302146911621,45.00101399421692,0.010689973831176758,45.01173496246338,45.01173496246338,45.011703968048096,45.02187895774841,45.02187895774841,45.011883020401,1.0,1.0,0.0,1.0,1.0,1.0,1.0,0.0,0.0,0.0,0.0,0.0,9154699410.163671,4577349705.060551,4577349705.103123,0.0,0.0,0.0,1525783190.019159,0.0,0.0,33.333332349899294,90.00187993049622,90.02343893051147,90.03376197814941,1.1566143257327236e-07,1.966715342526372e-06,1.966940867064931e-06,4.0
10.0,4.0,6.0,0.015633106231689453,45.00038695335388,0.0,45.016335010528564,45.016335010528564,0.0002589225769042969,0.01597905158996582,45.01634407043457,0.0,0.0,46.0,0.0,46.0,1.0,1.0,0.0,1.0,0.0,46.0,0.0,46.0,15257832450.459322,6103132959.168366,9154699491.290956,1.0,4577349768.14566,4577349693.13045,0.0,4.918032858342891,74.99999956996145,0.0,74.96743488311768,74.99942803382874,74.98339200019836,8.054711279147355e-08,1.228867673956892e-06,8.190699440383764e-07,4.0
8.0,3.0,5.0,0.009255170822143555,19.931073904037476,0.0,19.940425157546997,19.940425157546997,0.0002529621124267578,0.012730121612548828,19.931073904037476,0.0,0.0,46.0,0.0,46.0,1.0,1.0,0.0,1.0,0.0,46.0,0.0,46.0,12206265658.064861,4577349616.781274,7628916041.283588,1.0,4577349616.790085,0.0,1525783192.309312,4.347826015158378,0.0,19.999999790961056,19.931073904037476,19.940425157546997,19.931073904037476,1.8931663273470343e-08,4.356325565441256e-07,2.612569570327059e-07,4.0
8.0,3.0,5.0,0.008933067321777344,19.949193000793457,0.0,19.968924045562744,19.968924045562744,0.0001590251922607422,0.009173154830932617,19.949193000793457,0.0,0.0,46.0,0.0,46.0,1.0,1.0,0.0,1.0,0.0,46.0,0.0,46.0,12206265663.012547,4577349618.626886,7628916044.38566,1.0,4577349618.6462145,0.0,1525783192.915943,3.896103839424861,0.0,19.999999790780382,19.949193000793457,19.968924045562744,19.949193000793457,1.6980159681751913e-08,4.3625516312544684e-07,2.614944624469245e-07,4.0
4.0,2.0,2.0,0.36774110794067383,0.36774110794067383,0.00010204315185546875,0.0,0.0,0.0,0.0,0.0,0.0,0.0,0.0,0.0,0.0,0.0,0.0,0.0,0.0,0.0,0.0,0.0,0.0,6103132806.204807,3051566403.100913,3051566403.103894,0.0,0.0,0.0,0.0,0.0,0.0,0.0,0.0,0.0,0.0,0.0,0.0,0.0,4.0
3.0,2.0,1.0,0.016876935958862305,0.016876935958862305,0.0003490447998046875,0.0,0.0,0.0,0.0,0.0,0.0,0.0,0.0,0.0,0.0,0.0,0.0,0.0,0.0,0.0,0.0,0.0,0.0,4577349605.218708,3051566403.467771,1525783201.750937,0.0,0.0,0.0,0.0,0.0,0.0,0.0,0.0,0.0,0.0,0.0,0.0,0.0,4.0
3.0,2.0,1.0,0.016455888748168945,0.016455888748168945,4.315376281738281e-05,0.0,0.0,0.0,0.0,0.0,0.0,0.0,0.0,0.0,0.0,0.0,0.0,0.0,0.0,0.0,0.0,0.0,0.0,4577349605.219858,3051566403.4689207,1525783201.750938,0.0,0.0,0.0,0.0,0.0,0.0,0.0,0.0,0.0,0.0,0.0,0.0,0.0,4.0
1013.0,247.0,766.0,2.1219253540039062e-05,0.7583231925964355,0.0,0.00012683868408203125,0.7583231925964355,1.7881393432617188e-05,1.9073486328125e-06,1.0035290718078613,0.0,1460.0,1460.0,0.0,1460.0,0.0,533.0,0.0,533.0,1460.0,1460.0,0.0,1460.0,1545618383940.08,376868450955.93604,1168749932984.138,65.0,297527724469.99866,4577349605.397371,0.0,17.727272707276647,1.2145748984259128,0.0,0.0,0.0,0.0,0.0,0.0,0.0,4.0
35.0,19.0,16.0,0.0009241104125976562,0.48897504806518555,0.0,0.0029861927032470703,0.4890749454498291,9.5367431640625e-07,0.004304170608520508,0.20903682708740234,0.0,46.0,1430.0,0.0,1430.0,46.0,1380.0,0.0,1380.0,46.0,1430.0,0.0,1430.0,53402422382.77807,28989886435.74072,24412535947.037346,2.0,9154700980.390205,4577350488.311772,0.0,17.14285714376608,15.78947367889134,0.0,0.0,0.0,0.0,0.0,0.0,0.0,4.0
7.0,4.0,3.0,0.00016808509826660156,10.033941984176636,7.200241088867188e-05,10.034013986587524,10.034013986587524,0.00024700164794921875,10.034020900726318,10.034020900726318,0.0002880096435546875,0.0,0.0,0.0,0.0,0.0,0.0,0.0,0.0,0.0,0.0,0.0,0.0,10680484494.458344,6103133995.197187,4577350499.261156,0.0,0.0,4577350488.753953,0.0,0.0,74.9999998747539,0.0,10.033941984176636,10.034013986587524,10.034020900726318,1.565775098716831e-08,1.644075649409584e-07,2.192102375019335e-07,4.0
2.0,1.0,1.0,0.0,0.0,0.0,0.0,0.0,0.0,0.0,0.0,0.0,1.0,1.0,0.0,1.0,1.0,1.0,1.0,0.0,0.0,0.0,0.0,0.0,3051566993.712988,1525783496.841884,1525783496.871104,0.0,0.0,0.0,0.0,0.0,0.0,0.0,0.0,0.0,0.0,0.0,0.0,0.0,4.0
22.0,14.0,8.0,0.032061100006103516,1.9986181259155273,8.606910705566406e-05,0.07169795036315918,1.9986181259155273,0.00012183189392089844,1.8967440128326416,2.0692858695983887,0.010970115661621094,311.0,1040.0,0.0,1040.0,0.0,316.0,0.0,316.0,1040.0,1040.0,0.0,1040.0,33567237043.425133,21360969029.348995,12206268014.076128,0.0,0.0,4577350498.21409,0.0,0.0,21.42857139076893,0.0,0.0,0.0,4.116699934005737,0.0,0.0,3.3726114560637254e-08,4.0
35.0,17.0,18.0,0.00010895729064941406,2.065739154815674,0.0,0.040879011154174805,2.065739154815674,5.5789947509765625e-05,0.00013399124145507812,2.0776820182800293,0.0,434.0,1460.0,0.0,1460.0,0.0,436.0,0.0,436.0,1460.0,1460.0,0.0,1460.0,53402422598.50338,25938319544.394135,27464103054.10926,0.0,0.0,4577350498.355479,0.0,0.0,17.647058786985873,0.0,4.110011339187622,4.110011339187622,4.1250832080841064,2.667035105092858e-09,1.584532618681494e-08,1.501990871486662e-08,4.0
35.0,19.0,16.0,0.0009241104125976562,0.48897504806518555,0.0,0.0029861927032470703,0.4890749454498291,9.5367431640625e-07,0.004304170608520508,0.20903682708740234,0.0,46.0,1430.0,0.0,1430.0,46.0,1380.0,0.0,1380.0,46.0,1430.0,0.0,1430.0,53402422382.77807,28989886435.74072,24412535947.037346,2.0,9154700980.390205,4577350488.311772,0.0,17.14285714376608,15.78947367889134,0.0,0.0,0.0,0.0,0.0,0.0,0.0,4.0
7.0,4.0,3.0,0.00016808509826660156,10.033941984176636,7.200241088867188e-05,10.034013986587524,10.034013986587524,0.00024700164794921875,10.034020900726318,10.034020900726318,0.0002880096435546875,0.0,0.0,0.0,0.0,0.0,0.0,0.0,0.0,0.0,0.0,0.0,0.0,10680484494.458344,6103133995.197187,4577350499.261156,0.0,0.0,4577350488.753953,0.0,0.0,74.9999998747539,0.0,10.033941984176636,10.034013986587524,10.034020900726318,1.565775098716831e-08,1.644075649409584e-07,2.192102375019335e-07,4.0
2.0,1.0,1.0,0.0,0.0,0.0,0.0,0.0,0.0,0.0,0.0,0.0,1.0,1.0,0.0,1.0,1.0,1.0,1.0,0.0,0.0,0.0,0.0,0.0,3051566993.712988,1525783496.841884,1525783496.871104,0.0,0.0,0.0,0.0,0.0,0.0,0.0,0.0,0.0,0.0,0.0,0.0,0.0,4.0
22.0,14.0,8.0,0.032061100006103516,1.9986181259155273,8.606910705566406e-05,0.07169795036315918,1.9986181259155273,0.00012183189392089844,1.8967440128326416,2.0692858695983887,0.010970115661621094,311.0,1040.0,0.0,1040.0,0.0,316.0,0.0,316.0,1040.0,1040.0,0.0,1040.0,33567237043.425133,21360969029.348995,12206268014.076128,0.0,0.0,4577350498.21409,0.0,0.0,21.42857139076893,0.0,0.0,0.0,4.116699934005737,0.0,0.0,3.3726114560637254e-08,4.0
35.0,17.0,18.0,0.00010895729064941406,2.065739154815674,0.0,0.040879011154174805,2.065739154815674,5.5789947509765625e-05,0.00013399124145507812,2.0776820182800293,0.0,434.0,1460.0,0.0,1460.0,0.0,436.0,0.0,436.0,1460.0,1460.0,0.0,1460.0,53402422598.50338,25938319544.394135,27464103054.10926,0.0,0.0,4577350498.355479,0.0,0.0,17.647058786985873,0.0,4.110011339187622,4.110011339187622,4.1250832080841064,2.667035105092858e-09,1.584532618681494e-08,1.501990871486662e-08,4.0
